ID,recipient_ID,notificationType,title,message,isRead,relatedEntity,relatedEntityId
n1a2b3c4-d5e6-f7g8-h9i0-j1k2l3m4n5o6,2b3c4d5e-6f7g-8h9i-0j1k-2l3m4n5o6p7q,Contact Request Received,New Contact Request,You have received a new contact request for property P0001,false,ContactRequests,cr1a2b3c-d4e5-f6g7-h8i9-j0k1l2m3n4o5
n2b3c4d5-e6f7-g8h9-i0j1-k2l3m4n5o6p7,1a2b3c4d-5e6f-7g8h-9i0j-1k2l3m4n5o6p,Contact Request Response,Response to Your Contact Request,You have received a response to your contact request,true,ContactRequests,cr1a2b3c-d4e5-f6g7-h8i9-j0k1l2m3n4o5
n3c4d5e6-f7g8-h9i0-j1k2-l3m4n5o6p7q8,2b3c4d5e-6f7g-8h9i-0j1k-2l3m4n5o6p7q,Contact Request Received,New Contact Request,You have received a new contact request for property P0001,false,ContactRequests,cr2b3c4d-e5f6-g7h8-i9j0-k1l2m3n4o5p6
n4d5e6f7-g8h9-i0j1-k2l3-m4n5o6p7q8r9,2b3c4d5e-6f7g-8h9i-0j1k-2l3m4n5o6p7q,Contact Request Received,New Contact Request,You have received a new contact request for property P0002,false,ContactRequests,cr3c4d5e-f6g7-h8i9-j0k1-l2m3n4o5p6q7
n5e6f7g8-h9i0-j1k2-l3m4-n5o6p7q8r9s0,5e6f7g8h-9i0j-1k2l-3m4n-5o6p7q8r9s0t,Contact Request Response,Response to Your Contact Request,You have received a response to your contact request,false,ContactRequests,cr4d5e6f-g7h8-i9j0-k1l2-m3n4o5p6q7r8
n6f7g8h9-i0j1-k2l3-m4n5-o6p7q8r9s0t1,3c4d5e6f-7g8h-9i0j-1k2l-3m4n5o6p7q8r,Contact Request Received,New Contact Request,You have received a new contact request for property P0004,false,ContactRequests,cr5e6f7g-h8i9-j0k1-l2m3-n4o5p6q7r8s9
n7g8h9i0-j1k2-l3m4-n5o6-p7q8r9s0t1u2,6f7g8h9i-0j1k-2l3m-4n5o-6p7q8r9s0t1u,Contact Request Response,Response to Your Contact Request,You have received a response to your contact request,true,ContactRequests,cr6f7g8h-i9j0-k1l2-m3n4-o5p6q7r8s9t0
n8h9i0j1-k2l3-m4n5-o6p7-q8r9s0t1u2v3,8h9i0j1k-2l3m-4n5o-6p7q-8r9s0t1u2v3w,Contact Request Received,New Contact Request,You have received a new contact request for property P0006,false,ContactRequests,cr7g8h9i-j0k1-l2m3-n4o5-p6q7r8s9t0u1
n9i0j1k2-l3m4-n5o6-p7q8-r9s0t1u2v3w4,0j1k2l3m-4n5o-6p7q-8r9s-0t1u2v3w4x5y,Contact Request Response,Response to Your Contact Request,You have received a response to your contact request,false,ContactRequests,cr8h9i0j-k1l2-m3n4-o5p6-q7r8s9t0u1v2
n0j1k2l3-m4n5-o6p7-q8r9-s0t1u2v3w4x5,3c4d5e6f-7g8h-9i0j-1k2l-3m4n5o6p7q8r,Contact Request Received,New Contact Request,You have received a new contact request for property P0008,false,ContactRequests,cr9i0j1k-l2m3-n4o5-p6q7-r8s9t0u1v2w3
n1k2l3m4-n5o6-p7q8-r9s0-t1u2v3w4x5y6,5e6f7g8h-9i0j-1k2l-3m4n-5o6p7q8r9s0t,Contact Request Response,Response to Your Contact Request,You have received a response to your contact request,true,ContactRequests,cr0j1k2l-m3n4-o5p6-q7r8-s9t0u1v2w3x4
n2l3m4n5-o6p7-q8r9-s0t1-u2v3w4x5y6z7,9i0j1k2l-3m4n-5o6p-7q8r-9s0t1u2v3w4x,Contact Request Received,New Contact Request,You have received a new contact request for property P0010,false,ContactRequests,cr1k2l3m-n4o5-p6q7-r8s9-t0u1v2w3x4y5
n3m4n5o6-p7q8-r9s0-t1u2-v3w4x5y6z7a8,8h9i0j1k-2l3m-4n5o-6p7q-8r9s0t1u2v3w,Contact Request Received,New Contact Request,You have received a new contact request for property P0011,false,ContactRequests,cr2l3m4n-o5p6-q7r8-s9t0-u1v2w3x4y5z6
n4n5o6p7-q8r9-s0t1-u2v3-w4x5y6z7a8b9,6f7g8h9i-0j1k-2l3m-4n5o-6p7q8r9s0t1u,Contact Request Response,Response to Your Contact Request,You have received a response to your contact request,false,ContactRequests,cr3m4n5o-p6q7-r8s9-t0u1-v2w3x4y5z6a7
n5o6p7q8-r9s0-t1u2-v3w4-x5y6z7a8b9c0,3c4d5e6f-7g8h-9i0j-1k2l-3m4n5o6p7q8r,Contact Request Received,New Contact Request,You have received a new contact request for property P0013,false,ContactRequests,cr4n5o6p-q7r8-s9t0-u1v2-w3x4y5z6a7b8
n6p7q8r9-s0t1-u2v3-w4x5-y6z7a8b9c0d1,1k2l3m4n-5o6p-7q8r-9s0t-1u2v3w4x5y6z,Contact Request Response,Response to Your Contact Request,You have received a response to your contact request,true,ContactRequests,cr5o6p7q-r8s9-t0u1-v2w3-x4y5z6a7b8c9
n7q8r9s0-t1u2-v3w4-x5y6-z7a8b9c0d1e2,2b3c4d5e-6f7g-8h9i-0j1k-2l3m4n5o6p7q,Contact Request Received,New Contact Request,You have received a new contact request for property P0015,false,ContactRequests,cr6p7q8r-s9t0-u1v2-w3x4-y5z6a7b8c9d0
n8r9s0t1-u2v3-w4x5-y6z7-a8b9c0d1e2f3,5e6f7g8h-9i0j-1k2l-3m4n-5o6p7q8r9s0t,Contact Request Response,Response to Your Contact Request,You have received a response to your contact request,false,ContactRequests,cr7q8r9s-t0u1-v2w3-x4y5-z6a7b8c9d0e1
n9s0t1u2-v3w4-x5y6-z7a8-b9c0d1e2f3g4,3c4d5e6f-7g8h-9i0j-1k2l-3m4n5o6p7q8r,Contact Request Received,New Contact Request,You have received a new contact request for property P0017,false,ContactRequests,cr8r9s0t-u1v2-w3x4-y5z6-a7b8c9d0e1f2
n0t1u2v3-w4x5-y6z7-a8b9-c0d1e2f3g4h5,0j1k2l3m-4n5o-6p7q-8r9s-0t1u2v3w4x5y,Contact Request Response,Response to Your Contact Request,You have received a response to your contact request,true,ContactRequests,cr0t1u2v-w3x4-y5z6-a7b8-c9d0e1f2g3h4
